{
  "metaKey": "MT940SwiftBSCHESMMXXXES3400491600432410146111BSCHESMMEUR171107216_1",
  "kafkaMetadata": {
    "timestamp": 1234,
    "topic": "HOLA",
    "partition": 1,
    "offset": 5678
  },
  "messageType2": {
    "messageInfo": "MT940"
  },
  "entitySender": {
    "bic": "BSCHESMMXXX"
  },
  "generalInfo": {
    "transactionRefNumber": "1600SN9401490617",
    "accountId": "ES3400491600432410146111\r\nBSCHESMM",
    "bic": "BSCHESMM",
    "statementNum": 216,
    "pageNum": 1
  },
  "closingBalanceM": {
    "dcMark": "C",
    "date": "2017-11-07",
    "currency": "EUR",
    "amount": 5771.98
  },
  "m": {
    "block1": {
      "applicationId": "F",
      "serviceId": "01",
      "logicalTerminal": "BSCHESMMBSIC",
      "sessionNumber": "4523",
      "sequenceNumber": "434652"
    },
    "block2": {
      "senderInputTime": "0105",
      "MIRDate": "171108",
      "MIRLogicalTerminal": "BSCHESMMAXXX",
      "MIRSessionNumber": "4414",
      "MIRSequenceNumber": "062539",
      "receiverOutputDate": "171108",
      "receiverOutputTime": "0105",
      "messagePriority": "N",
      "messageType": "940"
    },
    "block3": {
      "tags": [
        {
          "name": "108",
          "value": "BSCH711080101289"
        }
      ]
    },
    "block4": {
      "tags": [
        {
          "name": "20",
          "value": "1600SN9401490617"
        },
        {
          "name": "25P",
          "value": "ES3400491600432410146111\nBSCHESMM"
        },
        {
          "name": "28C",
          "value": "00216/1"
        },
        {
          "name": "60F",
          "value": "C171106EUR5771,98"
        },
        {
          "name": "61",
          "value": "171106RD185684,40NDDTX"
        },
        {
          "name": "61",
          "value": "1711061105RDR185684,40NDDTNONREF//712 03 CARGO CON\nSUBCAMPO9"
        },
        {
          "name": "86",
          "value": "COBRO A VENCIMIENTO 1300 3800044933\nSEGUNDA LINEA DEL 86 XXXX9999XXXX9999XXXX9999XXXX9999\nTERCERA LINEA DEL 86 XXXX9999XXXX9999XXXX9999XXXX9999\nCUARTA  LINEA DEL 86 XXXX9999XXXX9999XXXX9999XXXX9999\nQUINTA  LINEA DEL 86 XXXX9999XXXX9999XXXX9999XXXX9999\nSEXTA   LINEA DEL 86 XXXX9999XXXX9999XXXX9999XXXX9999"
        },
        {
          "name": "61",
          "value": "1711061107DP185684,40NDDTNONREF//712 03 CARGO CON"
        },
        {
          "name": "86",
          "value": "COBRO A VENCIMIENTO 1300 3800044933"
        },
        {
          "name": "62F",
          "value": "C171107EUR5771,98"
        },
        {
          "name": "64",
          "value": "C171107EUR5771,98"
        },
        {
          "name": "65",
          "value": "C171107EUR5771,98"
        },
        {
          "name": "65",
          "value": "C171108EUR5771,98"
        },
        {
          "name": "65",
          "value": "C171109EUR5771,98"
        },
        {
          "name": "65",
          "value": "C171110EUR5771,98"
        },
        {
          "name": "65",
          "value": "C171111EUR5771,98"
        },
        {
          "name": "65",
          "value": "C171113EUR5771,98"
        },
        {
          "name": "86",
          "value": "TAG 86 FINAL"
        }
      ]
    },
    "unparsedTexts": {
      "texts": [
        "\n",
        "\n",
        "\n"
      ]
    }
  },
  "type": "MT"
}